<?xml version='1.0' encoding='UTF-8' ?>
<timeLogEntries>
  <time id="1" path="/Non Project/PSP Training/Program 1/Planning" start="@1566941629362" delta="6" interrupt="1" />
  <time id="2" path="/Non Project/PSP Training/Program 1/Design" start="@1566958531318" delta="1" />
  <time id="4" path="/Non Project/PSP Training/Program 1/Design" start="@1566958598330" delta="28" />
  <time id="5" path="/Non Project/PSP Training/Program 1/Design" start="@1566963216732" delta="13" />
  <time id="6" path="/Non Project/PSP Training/Program 1/Design" start="@1566964314168" delta="13" />
  <time id="7" path="/Non Project/PSP Training/Program 1/Code" start="@1566965089784" delta="6" />
  <time id="8" path="/Non Project/PSP Training/Program 1/Code" start="@1566967077798" delta="19" interrupt="4" />
  <time id="9" path="/Non Project/PSP Training/Program 1/Code" start="@1566968586250" delta="43" interrupt="3" />
  <time id="10" path="/Non Project/PSP Training/Program 1/Compile" start="@1566971413499" delta="52" />
  <time id="11" path="/Non Project/PSP Training/Program 1/Test" start="@1566974531129" delta="5" />
  <time id="12" path="/Non Project/PSP Training/Program 1/Postmortem" start="@1566974808182" delta="6" />
  <time id="13" path="/Non Project/PSP Training/Program 1/Postmortem" start="@1567126555214" delta="4" />
  <time id="14" path="/Non Project/PSP Training/Program 1/Postmortem" start="@1567131593498" delta="45" interrupt="17" />
  <time id="15" path="/Non Project/PSP Training/Program 2/Planning" start="@1568057611746" delta="2" />
  <time id="16" path="/Non Project/PSP Training/Program 2/Planning" start="@1568059735857" delta="8" interrupt="1" />
  <time id="17" path="/Non Project/PSP Training/Program 2/Planning" start="@1568063336129" delta="6" />
  <time id="18" path="/Non Project/PSP Training/Program 2/Planning" start="@1568064038097" delta="2" />
  <time id="19" path="/Non Project/PSP Training/Program 2/Design" start="@1568064166148" delta="3" interrupt="108" />
  <time id="20" path="/Non Project/PSP Training/Program 2/Design" start="@1568070937646" delta="48" interrupt="2" />
  <time id="21" path="/Non Project/PSP Training/Program 2/Design" start="@1568078145388" delta="29" interrupt="6" />
  <time id="22" path="/Non Project/PSP Training/Program 2/Code" start="@1568080325092" delta="35" interrupt="2" />
  <time id="23" path="/Non Project/PSP Training/Program 2/Code" start="@1568083316056" delta="19" interrupt="2" />
  <time id="24" path="/Non Project/PSP Training/Program 2/Code" start="@1568084970290" delta="14" interrupt="4" />
  <time id="25" path="/Non Project/PSP Training/Program 2/Code" start="@1568086572738" delta="6" interrupt="27" />
  <time id="26" path="/Non Project/PSP Training/Program 2/Code" start="@1568088718921" delta="23" />
  <time id="27" path="/Non Project/PSP Training/Program 2/Code" start="@1568091055672" delta="12" interrupt="1" />
  <time id="28" path="/Non Project/PSP Training/Program 2/Compile" start="@1568091854999" delta="5" />
  <time id="29" path="/Non Project/PSP Training/Program 2/Compile" start="@1568092883030" delta="25" />
  <time id="30" path="/Non Project/PSP Training/Program 2/Test" start="@1568094376608" delta="114" interrupt="3" />
  <time id="31" path="/Non Project/PSP Training/Program 2/Postmortem" start="@1568101390293" delta="37" />
  <time id="32" path="/Non Project/PSP Training/Program 2/Postmortem" start="@1568335857185" delta="3" interrupt="2" />
  <time id="33" path="/Non Project/PSP Training/Program 2/Postmortem" start="@1568336754212" delta="34" />
  <time id="34" path="/Non Project/PSP Training/Program 2/Postmortem" start="@1568339952023" delta="2" />
  <time id="35" path="/Non Project/PSP Training/Program 3/Planning" start="@1569206697955" delta="1" />
  <time id="36" path="/Non Project/PSP Training/Program 3/Planning" start="@1569249767799" delta="4" interrupt="21" />
  <time id="37" path="/Non Project/PSP Training/Program 3/Planning" start="@1569371621713" delta="13" />
  <time id="38" path="/Non Project/PSP Training/Program 3/Design" start="@1569372444326" delta="31" interrupt="3" />
  <time id="39" path="/Non Project/PSP Training/Program 3/Design" start="@1569376409558" delta="5" />
  <time id="40" path="/Non Project/PSP Training/Program 3/Design" start="@1569379928523" delta="8" />
  <time id="41" path="/Non Project/PSP Training/Program 3/Design Review" start="@1569380402181" delta="7" interrupt="9" />
  <time id="42" path="/Non Project/PSP Training/Program 3/Design Review" start="@1569381825821" delta="3" />
  <time id="43" path="/Non Project/PSP Training/Program 3/Code" start="@1569381995540" delta="56" interrupt="9" />
  <time id="44" path="/Non Project/PSP Training/Program 3/Code Review" start="@1569385921465" delta="45" interrupt="1" />
  <time id="45" path="/Non Project/PSP Training/Program 3/Compile" start="@1569388679781" delta="5" />
  <time id="46" path="/Non Project/PSP Training/Program 3/Test" start="@1569388978833" delta="32" />
  <time id="47" path="/Non Project/PSP Training/Program 3/Postmortem" start="@1569390888096" delta="16" />
  <time id="48" path="/Non Project/PSP Training/Program 3/Postmortem" start="@1569451648386" delta="9" />
  <time id="49" path="/Non Project/PSP Training/Program 3/Postmortem" start="@1569527183096" delta="4" />
  <time id="50" path="/Non Project/PSP Training/Program 3/Postmortem" start="@1569527803785" delta="8" />
  <time id="51" path="/Non Project/PSP Training/Program 4/Planning" start="@1570030457978" delta="16" />
  <time id="52" path="/Non Project/PSP Training/Program 4/Design" start="@1570031426301" delta="1" />
  <time id="53" path="/Non Project/PSP Training/Program 4/Design" start="@1570033802604" delta="21" />
  <time id="54" path="/Non Project/PSP Training/Program 4/Design" start="@1570037194219" delta="33" />
</timeLogEntries>
