<?xml version='1.0' encoding='UTF-8' ?>
<timeLogEntries>
  <time id="55" path="/Non Project/PSP Training/Program 4/Design" start="@1570479781357" delta="10" interrupt="10" flag="A" />
  <time id="56" path="/Non Project/PSP Training/Program 4/Design" start="@1570481499198" delta="44" interrupt="2" flag="A" />
  <time id="57" path="/Non Project/PSP Training/Program 4/Design Review" start="@1570484265150" delta="12" flag="A" />
  <time id="58" path="/Non Project/PSP Training/Program 4/Code" start="@1570484985723" delta="7" flag="A" />
  <time id="59" path="/Non Project/PSP Training/Program 4/Code" start="@1570485900769" delta="9" flag="A" />
  <time id="60" path="/Non Project/PSP Training/Program 4/Code Review" start="@1570486413031" delta="33" flag="A" />
  <time id="61" path="/Non Project/PSP Training/Program 4/Test" start="@1570489502089" delta="4" flag="A" />
  <time id="62" path="/Non Project/PSP Training/Program 4/Postmortem" start="@1570489750841" delta="36" flag="A" />
</timeLogEntries>
