<?xml version='1.0' encoding='UTF-8' ?>
<timeLogEntries>
  <time id="1" path="/Non Project/PSP Training/Program 1/Planning" start="@1566941629362" delta="6" interrupt="1" />
  <time id="2" path="/Non Project/PSP Training/Program 1/Design" start="@1566958531318" delta="1" />
  <time id="4" path="/Non Project/PSP Training/Program 1/Design" start="@1566958598330" delta="28" />
  <time id="5" path="/Non Project/PSP Training/Program 1/Design" start="@1566963216732" delta="13" />
  <time id="6" path="/Non Project/PSP Training/Program 1/Design" start="@1566964314168" delta="13" />
  <time id="7" path="/Non Project/PSP Training/Program 1/Code" start="@1566965089784" delta="6" />
  <time id="8" path="/Non Project/PSP Training/Program 1/Code" start="@1566967077798" delta="19" interrupt="4" />
  <time id="9" path="/Non Project/PSP Training/Program 1/Code" start="@1566968586250" delta="43" interrupt="3" />
  <time id="10" path="/Non Project/PSP Training/Program 1/Compile" start="@1566971413499" delta="52" />
  <time id="11" path="/Non Project/PSP Training/Program 1/Test" start="@1566974531129" delta="5" />
  <time id="12" path="/Non Project/PSP Training/Program 1/Postmortem" start="@1566974808182" delta="6" />
  <time id="13" path="/Non Project/PSP Training/Program 1/Postmortem" start="@1567126555214" delta="4" />
  <time id="14" path="/Non Project/PSP Training/Program 1/Postmortem" start="@1567131593498" delta="45" interrupt="17" />
</timeLogEntries>
