<?xml version='1.0' encoding='UTF-8' ?>
<timeLogEntries>
  <time id="15" path="/Non Project/PSP Training/Program 2/Planning" start="@1568057611746" delta="2" flag="A" />
  <time id="16" path="/Non Project/PSP Training/Program 2/Planning" start="@1568059735857" delta="8" interrupt="1" flag="A" />
  <time id="17" path="/Non Project/PSP Training/Program 2/Planning" start="@1568063336129" delta="6" flag="A" />
  <time id="18" path="/Non Project/PSP Training/Program 2/Planning" start="@1568064038097" delta="2" flag="A" />
  <time id="19" path="/Non Project/PSP Training/Program 2/Design" start="@1568064166148" delta="3" interrupt="108" flag="A" />
  <time id="20" path="/Non Project/PSP Training/Program 2/Design" start="@1568070937646" delta="48" interrupt="2" flag="A" />
  <time id="21" path="/Non Project/PSP Training/Program 2/Design" start="@1568078145388" delta="29" interrupt="6" flag="A" />
  <time id="22" path="/Non Project/PSP Training/Program 2/Code" start="@1568080325092" delta="35" interrupt="2" flag="A" />
  <time id="23" path="/Non Project/PSP Training/Program 2/Code" start="@1568083316056" delta="19" interrupt="2" flag="A" />
  <time id="24" path="/Non Project/PSP Training/Program 2/Code" start="@1568084970290" delta="14" interrupt="4" flag="A" />
  <time id="25" path="/Non Project/PSP Training/Program 2/Code" start="@1568086572738" delta="6" interrupt="27" flag="A" />
  <time id="26" path="/Non Project/PSP Training/Program 2/Code" start="@1568088718921" delta="23" flag="A" />
  <time id="27" path="/Non Project/PSP Training/Program 2/Code" start="@1568091055672" delta="12" interrupt="1" flag="A" />
  <time id="28" path="/Non Project/PSP Training/Program 2/Compile" start="@1568091854999" delta="5" flag="A" />
  <time id="29" path="/Non Project/PSP Training/Program 2/Compile" start="@1568092883030" delta="25" flag="A" />
  <time id="30" path="/Non Project/PSP Training/Program 2/Test" start="@1568094376608" delta="114" interrupt="3" flag="A" />
  <time id="31" path="/Non Project/PSP Training/Program 2/Postmortem" start="@1568101390293" delta="37" flag="A" />
</timeLogEntries>
