<?xml version='1.0' encoding='UTF-8' ?>
<timeLogEntries>
  <time id="94" path="/Non Project/PSP Training/Report/Planning" start="@1574976242808" delta="3" flag="A" />
  <time id="95" path="/Non Project/PSP Training/Report/Gathering Results" start="@1574976434568" delta="20" interrupt="4" flag="A" />
  <time id="96" path="/Non Project/PSP Training/Report/Gathering Results" start="@1574978537809" delta="14" flag="A" />
  <time id="97" path="/Non Project/PSP Training/Report/Gathering Results" start="@1574980839090" delta="2" flag="A" />
  <time id="98" path="/Non Project/PSP Training/Report/Gathering Results" start="@1574982423809" delta="1" flag="A" />
  <time id="99" path="/Non Project/PSP Training/Report/Execution" start="@1574982427208" delta="12" flag="A" />
  <time id="100" path="/Non Project/PSP Training/Report/Execution" start="@1574983684120" delta="17" flag="A" />
  <time id="101" path="/Non Project/PSP Training/Report/Execution" start="@1574985172268" delta="18" flag="A" />
  <time id="102" path="/Non Project/PSP Training/Report/Execution" start="@1574986449163" delta="6" interrupt="2" flag="A" />
  <time id="103" path="/Non Project/PSP Training/Report/Execution" start="@1574987290410" delta="11" flag="A" />
  <time id="104" path="/Non Project/PSP Training/Report/Execution" start="@1574988766753" delta="29" interrupt="3" flag="A" />
  <time id="105" path="/Non Project/PSP Training/Report/Postmortem" start="@1574990704336" delta="5" flag="A" />
  <time id="106" path="/Non Project/PSP Training/Report/Postmortem" start="@1574991062516" flag="A" />
</timeLogEntries>
