<?xml version='1.0' encoding='UTF-8' ?>
<timeLogEntries>
  <time id="1" path="/Non Project/PSP Training/Program 1/Planning" start="@1566941629362" delta="6" interrupt="1" />
  <time id="2" path="/Non Project/PSP Training/Program 1/Design" start="@1566958531318" delta="1" />
  <time id="4" path="/Non Project/PSP Training/Program 1/Design" start="@1566958598330" delta="28" />
  <time id="5" path="/Non Project/PSP Training/Program 1/Design" start="@1566963216732" delta="13" />
  <time id="6" path="/Non Project/PSP Training/Program 1/Design" start="@1566964314168" delta="13" />
  <time id="7" path="/Non Project/PSP Training/Program 1/Code" start="@1566965089784" delta="6" />
  <time id="8" path="/Non Project/PSP Training/Program 1/Code" start="@1566967077798" delta="19" interrupt="4" />
  <time id="9" path="/Non Project/PSP Training/Program 1/Code" start="@1566968586250" delta="43" interrupt="3" />
  <time id="10" path="/Non Project/PSP Training/Program 1/Compile" start="@1566971413499" delta="52" />
  <time id="11" path="/Non Project/PSP Training/Program 1/Test" start="@1566974531129" delta="5" />
  <time id="12" path="/Non Project/PSP Training/Program 1/Postmortem" start="@1566974808182" delta="6" />
  <time id="13" path="/Non Project/PSP Training/Program 1/Postmortem" start="@1567126555214" delta="4" />
  <time id="14" path="/Non Project/PSP Training/Program 1/Postmortem" start="@1567131593498" delta="45" interrupt="17" />
  <time id="15" path="/Non Project/PSP Training/Program 2/Planning" start="@1568057611746" delta="2" />
  <time id="16" path="/Non Project/PSP Training/Program 2/Planning" start="@1568059735857" delta="8" interrupt="1" />
  <time id="17" path="/Non Project/PSP Training/Program 2/Planning" start="@1568063336129" delta="6" />
  <time id="18" path="/Non Project/PSP Training/Program 2/Planning" start="@1568064038097" delta="2" />
  <time id="19" path="/Non Project/PSP Training/Program 2/Design" start="@1568064166148" delta="3" interrupt="108" />
  <time id="20" path="/Non Project/PSP Training/Program 2/Design" start="@1568070937646" delta="48" interrupt="2" />
  <time id="21" path="/Non Project/PSP Training/Program 2/Design" start="@1568078145388" delta="29" interrupt="6" />
  <time id="22" path="/Non Project/PSP Training/Program 2/Code" start="@1568080325092" delta="35" interrupt="2" />
  <time id="23" path="/Non Project/PSP Training/Program 2/Code" start="@1568083316056" delta="19" interrupt="2" />
  <time id="24" path="/Non Project/PSP Training/Program 2/Code" start="@1568084970290" delta="14" interrupt="4" />
  <time id="25" path="/Non Project/PSP Training/Program 2/Code" start="@1568086572738" delta="6" interrupt="27" />
  <time id="26" path="/Non Project/PSP Training/Program 2/Code" start="@1568088718921" delta="23" />
  <time id="27" path="/Non Project/PSP Training/Program 2/Code" start="@1568091055672" delta="12" interrupt="1" />
  <time id="28" path="/Non Project/PSP Training/Program 2/Compile" start="@1568091854999" delta="5" />
  <time id="29" path="/Non Project/PSP Training/Program 2/Compile" start="@1568092883030" delta="25" />
  <time id="30" path="/Non Project/PSP Training/Program 2/Test" start="@1568094376608" delta="114" interrupt="3" />
  <time id="31" path="/Non Project/PSP Training/Program 2/Postmortem" start="@1568101390293" delta="37" />
  <time id="32" path="/Non Project/PSP Training/Program 2/Postmortem" start="@1568335857185" delta="3" interrupt="2" />
  <time id="33" path="/Non Project/PSP Training/Program 2/Postmortem" start="@1568336754212" delta="34" />
  <time id="34" path="/Non Project/PSP Training/Program 2/Postmortem" start="@1568339952023" delta="2" />
  <time id="35" path="/Non Project/PSP Training/Program 3/Planning" start="@1569206697955" delta="1" />
  <time id="36" path="/Non Project/PSP Training/Program 3/Planning" start="@1569249767799" delta="4" interrupt="21" />
  <time id="37" path="/Non Project/PSP Training/Program 3/Planning" start="@1569371621713" delta="13" />
  <time id="38" path="/Non Project/PSP Training/Program 3/Design" start="@1569372444326" delta="31" interrupt="3" />
  <time id="39" path="/Non Project/PSP Training/Program 3/Design" start="@1569376409558" delta="5" />
  <time id="40" path="/Non Project/PSP Training/Program 3/Design" start="@1569379928523" delta="8" />
  <time id="41" path="/Non Project/PSP Training/Program 3/Design Review" start="@1569380402181" delta="7" interrupt="9" />
  <time id="42" path="/Non Project/PSP Training/Program 3/Design Review" start="@1569381825821" delta="3" />
  <time id="43" path="/Non Project/PSP Training/Program 3/Code" start="@1569381995540" delta="56" interrupt="9" />
  <time id="44" path="/Non Project/PSP Training/Program 3/Code Review" start="@1569385921465" delta="45" interrupt="1" />
  <time id="45" path="/Non Project/PSP Training/Program 3/Compile" start="@1569388679781" delta="5" />
  <time id="46" path="/Non Project/PSP Training/Program 3/Test" start="@1569388978833" delta="32" />
  <time id="47" path="/Non Project/PSP Training/Program 3/Postmortem" start="@1569390888096" delta="16" />
  <time id="48" path="/Non Project/PSP Training/Program 3/Postmortem" start="@1569451648386" delta="9" />
  <time id="49" path="/Non Project/PSP Training/Program 3/Postmortem" start="@1569527183096" delta="4" />
  <time id="50" path="/Non Project/PSP Training/Program 3/Postmortem" start="@1569527803785" delta="8" />
  <time id="51" path="/Non Project/PSP Training/Program 4/Planning" start="@1570030457978" delta="16" />
  <time id="52" path="/Non Project/PSP Training/Program 4/Design" start="@1570031426301" delta="1" />
  <time id="53" path="/Non Project/PSP Training/Program 4/Design" start="@1570033802604" delta="21" />
  <time id="54" path="/Non Project/PSP Training/Program 4/Design" start="@1570037194219" delta="33" />
  <time id="55" path="/Non Project/PSP Training/Program 4/Design" start="@1570479781357" delta="10" interrupt="10" />
  <time id="56" path="/Non Project/PSP Training/Program 4/Design" start="@1570481499198" delta="44" interrupt="2" />
  <time id="57" path="/Non Project/PSP Training/Program 4/Design Review" start="@1570484265150" delta="12" />
  <time id="58" path="/Non Project/PSP Training/Program 4/Code" start="@1570484985723" delta="7" />
  <time id="59" path="/Non Project/PSP Training/Program 4/Code" start="@1570485900769" delta="9" />
  <time id="60" path="/Non Project/PSP Training/Program 4/Code Review" start="@1570486413031" delta="33" />
  <time id="61" path="/Non Project/PSP Training/Program 4/Test" start="@1570489502089" delta="4" />
  <time id="62" path="/Non Project/PSP Training/Program 4/Postmortem" start="@1570489750841" delta="36" />
  <time id="63" path="/Non Project/PSP Training/Program 4/Postmortem" start="@1570640371729" delta="5" />
  <time id="64" path="/Non Project/PSP Training/Program 5/Planning" start="@1571240254484" delta="2" interrupt="4" />
  <time id="65" path="/Non Project/PSP Training/Program 5/Design" start="@1571240652022" delta="30" />
  <time id="66" path="/Non Project/PSP Training/Program 5/Design Review" start="@1571242518802" delta="1" />
  <time id="67" path="/Non Project/PSP Training/Program 5/Design Review" start="@1571243321398" delta="2" interrupt="5" />
  <time id="68" path="/Non Project/PSP Training/Program 5/Design Review" start="@1571244449233" delta="4" />
  <time id="69" path="/Non Project/PSP Training/Program 5/Code" start="@1571244693383" delta="8" />
  <time id="70" path="/Non Project/PSP Training/Program 5/Code Review" start="@1571245201119" delta="5" />
  <time id="71" path="/Non Project/PSP Training/Program 5/Test" start="@1571245536140" delta="3" interrupt="1" />
  <time id="72" path="/Non Project/PSP Training/Program 5/Test" start="@1571275605635" delta="5" />
  <time id="73" path="/Non Project/PSP Training/Program 5/Postmortem" start="@1571321457933" delta="15" interrupt="3" />
  <time id="74" path="/Non Project/PSP Training/Program 6/Planning" start="@1573066018222" delta="12" interrupt="1" />
  <time id="75" path="/Non Project/PSP Training/Program 6/Planning" start="@1573067951650" delta="3" />
  <time id="76" path="/Non Project/PSP Training/Program 6/Design" start="@1573068129528" delta="44" />
  <time id="77" path="/Non Project/PSP Training/Program 6/Design" start="@1573077616053" delta="4" />
  <time id="78" path="/Non Project/PSP Training/Program 6/Design Review" start="@1573077866440" delta="31" />
  <time id="79" path="/Non Project/PSP Training/Program 6/Code" start="@1573103836905" delta="24" />
  <time id="80" path="/Non Project/PSP Training/Program 6/Code Review" start="@1573105316487" delta="2" />
  <time id="81" path="/Non Project/PSP Training/Program 6/Code Review" start="@1573145001848" delta="11" interrupt="2" />
  <time id="82" path="/Non Project/PSP Training/Program 6/Test" start="@1573145786448" delta="4" />
  <time id="83" path="/Non Project/PSP Training/Program 6/Postmortem" start="@1573146015128" delta="4" interrupt="140" />
  <time id="84" path="/Non Project/PSP Training/Program 6/Postmortem" start="@1573159217888" delta="7" interrupt="5" />
  <time id="85" path="/Non Project/PSP Training/Program 7/Planning" start="@1574192172000" delta="5" />
  <time id="86" path="/Non Project/PSP Training/Program 7/Design" start="@1574192567000" delta="32" />
  <time id="87" path="/Non Project/PSP Training/Program 7/Design Review" start="@1574194487000" delta="11" />
  <time id="89" path="/Non Project/PSP Training/Program 7/Code" start="@1574271508000" delta="25" />
  <time id="90" path="/Non Project/PSP Training/Program 7/Code Review" start="@1574273009000" delta="15" />
  <time id="91" path="/Non Project/PSP Training/Program 7/Compile" start="@1574278803936" />
  <time id="92" path="/Non Project/PSP Training/Program 7/Test" start="@1574279020555" delta="7" />
  <time id="93" path="/Non Project/PSP Training/Program 7/Postmortem" start="@1574280006000" delta="12" />
</timeLogEntries>
